workload,ipc_no,ipc_pmp,pmp_Speedup,pmp_Overall_Accuracy,pmp_LLC_Coverage,pmp_L1D_Accuracy,pmp_L2C_Accuracy,pmp_L1D_Useful,pmp_L1D_Useless,pmp_L2C_Useful,pmp_L2C_Useless
ya_warmup5000000_sim20000000-482.sphinx3-417B,1.1043,1.4262,1.2915,0.6008,0.6615,0.9061,0.3096,123062,12757,44084,98291
ya_warmup5000000_sim20000000-456.hmmer-191B,3.4598,3.5101,1.0145,0.8092,0.8152,0.8094,0.7970,14073,3314,212,54
ya_warmup5000000_sim20000000-458.sjeng-283B,1.4932,1.4909,0.9985,0.0480,0.0521,0.0860,0.0321,791,8402,706,21311
ya_warmup5000000_sim20000000-444.namd-33B,3.5282,3.6200,1.0260,0.5093,0.9068,0.4961,0.9148,13937,14155,838,78
ya_warmup5000000_sim20000000-444.namd-426B,3.4946,3.6168,1.0350,0.5463,0.8648,0.5424,0.6200,29522,24904,1764,1081
ya_warmup5000000_sim20000000-462.libquantum-1343B,1.2723,2.2250,1.7488,0.9985,0.9031,0.9985,0.0000,409415,596,0,0
ya_warmup5000000_sim20000000-464.h264ref-97B,2.5681,2.7453,1.0690,0.5316,0.7341,0.6532,0.3742,22887,12152,10124,16933
ya_warmup5000000_sim20000000-602.gcc_s-1850B,0.6124,1.4941,2.4397,0.8478,0.9050,0.8519,0.4228,398488,69296,1882,2569
ya_warmup5000000_sim20000000-403.gcc-17B,0.7583,0.9590,1.2646,0.3170,0.6382,0.3230,0.3165,11980,25108,123865,267551
ya_warmup5000000_sim20000000-410.bwaves-945B,3.0906,3.0906,1.0000,0.0000,0.0000,0.0000,0.0000,0,0,0,0
ya_warmup5000000_sim20000000-459.GemsFDTD-1491B,0.4059,0.7228,1.7807,0.9089,0.7697,0.9102,0.1023,378050,37290,71,623
ya_warmup5000000_sim20000000-433.milc-337B,0.7744,0.8681,1.1210,0.9741,0.5892,0.9780,0.4617,139957,3147,506,590
ya_warmup5000000_sim20000000-482.sphinx3-1297B,1.3001,1.8308,1.4082,0.7448,0.7721,0.9301,0.3136,161578,12147,23401,51231
ya_warmup5000000_sim20000000-456.hmmer-327B,3.3635,3.3982,1.0103,0.7199,0.5281,0.7651,0.3622,15191,4665,908,1599
ya_warmup5000000_sim20000000-473.astar-153B,1.9385,1.7042,0.8791,0.1631,0.0000,0.2262,0.1387,7434,25434,11764,73042
ya_warmup5000000_sim20000000-450.soplex-92B,0.3745,0.4933,1.3172,0.4939,0.5347,0.7235,0.3622,143132,54712,124870,219856
ya_warmup5000000_sim20000000-458.sjeng-767B,1.3730,1.3663,0.9951,0.0389,0.0297,0.0634,0.0257,825,12180,625,23678
ya_warmup5000000_sim20000000-400.perlbench-50B,2.5810,2.5786,0.9991,0.3937,0.4277,0.3224,1.0000,395,830,144,0
ya_warmup5000000_sim20000000-459.GemsFDTD-1169B,0.9501,0.8374,0.8813,0.1791,0.2806,0.3008,0.0921,70331,163497,30096,296790
ya_warmup5000000_sim20000000-410.bwaves-1963B,0.6959,1.4387,2.0675,0.9797,0.7285,0.9797,1.0000,266392,5530,38,0
ya_warmup5000000_sim20000000-403.gcc-16B,2.3329,2.3455,1.0054,0.1765,0.4245,0.3036,0.1409,1723,3953,2853,17402
ya_warmup5000000_sim20000000-437.leslie3d-134B,2.2468,3.4176,1.5211,0.6239,0.8172,0.7533,0.4325,69601,22793,27014,35442
ya_warmup5000000_sim20000000-453.povray-576B,2.5961,2.6119,1.0061,0.3054,0.5926,0.2926,0.5266,13453,32527,1407,1265
ya_warmup5000000_sim20000000-445.gobmk-30B,1.4371,1.4357,0.9991,0.1432,0.1556,0.2147,0.1136,4015,14685,5136,40079
ya_warmup5000000_sim20000000-482.sphinx3-1522B,1.2786,1.9412,1.5182,0.6840,0.8027,0.8979,0.3998,136263,15501,45640,68517
ya_warmup5000000_sim20000000-483.xalancbmk-736B,2.5667,2.5846,1.0070,0.6751,0.0000,0.6926,0.3381,218885,97130,5547,10859
ya_warmup5000000_sim20000000-437.leslie3d-265B,2.0989,2.9132,1.3879,0.8995,0.7950,0.8750,0.9711,65838,9407,24965,743
ya_warmup5000000_sim20000000-481.wrf-1254B,1.5563,2.4906,1.6003,0.9382,0.9270,0.9390,0.8526,149946,9733,1296,224
ya_warmup5000000_sim20000000-481.wrf-816B,1.4544,3.3471,2.3014,0.9727,0.9640,0.9750,0.2248,258113,6614,181,624
ya_warmup5000000_sim20000000-445.gobmk-36B,1.4600,1.4561,0.9973,0.1644,0.3034,0.2210,0.1515,3431,12094,10295,57664
ya_warmup5000000_sim20000000-600.perlbench_s-1273B,3.2901,3.2898,0.9999,0.3510,0.3658,0.2264,0.9860,247,844,211,3
ya_warmup5000000_sim20000000-462.libquantum-714B,0.6098,0.5507,0.9030,0.9975,0.7200,0.9975,0.0000,464529,1148,0,0
ya_warmup5000000_sim20000000-445.gobmk-2B,1.6305,1.6277,0.9983,0.1869,0.3035,0.1935,0.1852,3240,13504,12254,53914
ya_warmup5000000_sim20000000-602.gcc_s-2226B,0.7559,0.8260,1.0927,0.8023,0.2456,0.8371,0.5004,320744,62424,22095,22060
ya_warmup5000000_sim20000000-481.wrf-196B,2.3471,3.6292,1.5463,0.9240,0.9208,0.9259,0.7949,74620,5975,942,243
ya_warmup5000000_sim20000000-481.wrf-1281B,1.0773,1.3449,1.2484,0.9428,0.9016,0.9444,0.7380,175256,10310,1073,381
ya_warmup5000000_sim20000000-429.mcf-51B,0.1183,0.1248,1.0549,0.1698,0.1804,0.1194,0.2459,89277,658229,121550,372720
ya_warmup5000000_sim20000000-437.leslie3d-232B,1.6695,2.6665,1.5972,0.9337,0.8031,0.9263,0.9685,97955,7790,21736,706
ya_warmup5000000_sim20000000-482.sphinx3-1395B,1.3727,1.9363,1.4105,0.7777,0.7899,0.9341,0.3401,163755,11555,21307,41347
ya_warmup5000000_sim20000000-444.namd-120B,3.4257,3.5609,1.0395,0.5173,0.8869,0.4986,0.7916,18013,18114,1949,513
ya_warmup5000000_sim20000000-435.gromacs-134B,2.3873,2.4043,1.0071,0.4324,0.7036,0.2680,0.6340,2399,6553,4627,2671
ya_warmup5000000_sim20000000-473.astar-42B,0.5324,0.4514,0.8479,0.0634,0.0000,0.0822,0.0354,46637,520679,13494,367963
ya_warmup5000000_sim20000000-410.bwaves-2097B,0.6988,1.4220,2.0349,0.9830,0.7157,0.9830,1.0000,262754,4549,20,0
ya_warmup5000000_sim20000000-459.GemsFDTD-1320B,2.1121,2.2004,1.0418,0.0983,0.3023,0.1406,0.0406,21294,130135,4504,106557
ya_warmup5000000_sim20000000-471.omnetpp-188B,0.4939,0.4266,0.8636,0.2132,0.1648,0.2427,0.2076,21702,67716,98926,377515
ya_warmup5000000_sim20000000-444.namd-321B,3.5020,3.5947,1.0265,0.4769,0.9002,0.4549,0.8290,12461,14932,1420,293
ya_warmup5000000_sim20000000-459.GemsFDTD-765B,0.9227,1.1810,1.2799,0.4678,0.5144,0.9045,0.2308,65532,6923,30821,102696
ya_warmup5000000_sim20000000-437.leslie3d-149B,2.2452,3.3769,1.5041,0.6581,0.8054,0.7875,0.4597,68637,18523,26139,30722
ya_warmup5000000_sim20000000-435.gromacs-228B,3.8884,3.9290,1.0104,0.2689,0.4570,0.2399,0.9438,4972,15750,839,50
ya_warmup5000000_sim20000000-459.GemsFDTD-1211B,1.0242,1.3321,1.3006,0.5130,0.5639,0.8904,0.3000,63342,7800,37829,88253
ya_warmup5000000_sim20000000-429.mcf-184B,0.0946,0.1110,1.1731,0.1590,0.2228,0.0508,0.1730,11868,221977,314020,1501338
ya_warmup5000000_sim20000000-436.cactusADM-1804B,1.4105,1.6893,1.1977,0.7933,0.6481,0.7506,0.9727,45183,15013,13934,391
ya_warmup5000000_sim20000000-444.namd-166B,3.5396,3.6331,1.0264,0.5122,0.8932,0.4970,0.9956,17853,18072,1125,5
ya_warmup5000000_sim20000000-482.sphinx3-234B,1.1011,1.7693,1.6067,0.6559,0.7543,0.7661,0.5700,88486,27012,84478,63721
ya_warmup5000000_sim20000000-600.perlbench_s-210B,3.2469,3.2482,1.0004,0.3465,0.4420,0.2660,0.8009,332,916,177,44
ya_warmup5000000_sim20000000-465.tonto-44B,2.5674,2.5702,1.0011,0.8088,0.5087,0.8551,0.1895,26007,4407,431,1844
ya_warmup5000000_sim20000000-473.astar-359B,0.1529,0.1648,1.0773,0.1078,0.3367,0.1291,0.0633,68334,461048,15967,236408
ya_warmup5000000_sim20000000-483.xalancbmk-716B,2.4246,2.5384,1.0469,0.5373,0.4104,0.5422,0.1505,132296,111696,470,2652
ya_warmup5000000_sim20000000-401.bzip2-226B,3.2670,3.4029,1.0416,0.6183,0.6883,0.5439,0.9416,9151,7675,3647,226
ya_warmup5000000_sim20000000-470.lbm-1274B,0.3658,0.3324,0.9087,0.8850,0.7765,0.8850,0.0000,110484,14353,0,0
ya_warmup5000000_sim20000000-454.calculix-460B,3.4870,3.7182,1.0663,0.8975,0.9046,0.9005,0.6723,212579,23476,2113,1030
ya_warmup5000000_sim20000000-437.leslie3d-271B,1.6852,3.6843,2.1863,0.9940,0.9630,0.9940,0.0000,47247,283,0,0
ya_warmup5000000_sim20000000-435.gromacs-111B,2.6998,2.7134,1.0051,0.3223,0.7895,0.2021,0.6183,2252,8890,2797,1727
ya_warmup5000000_sim20000000-429.mcf-217B,0.5344,0.6345,1.1875,0.6787,0.1312,0.7791,0.4891,122226,34647,40642,42460
ya_warmup5000000_sim20000000-429.mcf-22B,0.5081,0.5407,1.0643,0.5160,0.2530,0.6949,0.4161,66295,29110,71023,99675
ya_warmup5000000_sim20000000-453.povray-800B,2.4410,2.4328,0.9966,0.3021,0.5023,0.3010,0.7621,25116,58330,157,49
ya_warmup5000000_sim20000000-465.tonto-1914B,2.5936,2.6101,1.0064,0.7018,0.5858,0.7646,0.1770,49311,15183,1365,6346
ya_warmup5000000_sim20000000-453.povray-887B,2.4954,2.4849,0.9958,0.3289,0.7929,0.3286,0.8974,25585,52282,35,4
ya_warmup5000000_sim20000000-401.bzip2-38B,2.0196,2.3446,1.1609,0.8832,0.9450,0.9285,0.8648,14548,1121,33256,5199
ya_warmup5000000_sim20000000-459.GemsFDTD-1418B,1.2554,2.1530,1.7150,0.8605,0.7847,0.8517,0.8980,83478,14531,20478,2326
ya_warmup5000000_sim20000000-483.xalancbmk-127B,0.5421,0.5788,1.0677,0.2510,0.3941,0.3265,0.2361,47686,98348,173752,562276
ya_warmup5000000_sim20000000-481.wrf-1170B,2.9939,3.0358,1.0140,0.3696,0.4668,0.2385,0.9506,2911,9296,2618,136
ya_warmup5000000_sim20000000-464.h264ref-64B,2.4141,2.5508,1.0566,0.5498,0.7686,0.6516,0.4187,14956,7997,7468,10367
ya_warmup5000000_sim20000000-445.gobmk-17B,1.4961,1.5134,1.0116,0.2241,0.4618,0.2917,0.1879,4338,10532,5219,22553
ya_warmup5000000_sim20000000-464.h264ref-30B,2.8990,2.8879,0.9961,0.5405,0.2969,0.7220,0.2635,11763,4529,2813,7862
ya_warmup5000000_sim20000000-433.milc-274B,1.0428,1.1375,1.0909,0.9388,0.4711,0.9547,0.2733,108964,5170,743,1976
ya_warmup5000000_sim20000000-403.gcc-48B,3.3903,3.5025,1.0331,0.4118,0.6478,0.4292,0.2881,14973,19915,1414,3494
ya_warmup5000000_sim20000000-444.namd-44B,3.6320,3.6519,1.0055,0.6337,0.6518,0.6322,1.0000,58353,33954,396,0
ya_warmup5000000_sim20000000-600.perlbench_s-570B,3.2924,3.2949,1.0008,0.3602,0.3597,0.2088,0.8283,342,1296,439,91
ya_warmup5000000_sim20000000-456.hmmer-88B,3.3776,3.4140,1.0108,0.7473,0.3627,0.7674,0.5487,13418,4066,975,802
ya_warmup5000000_sim20000000-435.gromacs-226B,3.8865,3.9334,1.0121,0.2570,0.4535,0.2266,0.9553,4532,15471,834,39
ya_warmup5000000_sim20000000-458.sjeng-31B,1.3695,1.3653,0.9969,0.0509,0.0485,0.1014,0.0283,1301,11534,811,27853
ya_warmup5000000_sim20000000-437.leslie3d-273B,1.9700,2.9285,1.4866,0.9105,0.8229,0.8931,0.9658,58342,6983,19865,703
ya_warmup5000000_sim20000000-400.perlbench-41B,1.4940,1.4535,0.9729,0.1685,0.3479,0.2032,0.1596,7204,28252,22191,116843
ya_warmup5000000_sim20000000-464.h264ref-57B,2.4622,2.6552,1.0784,0.5144,0.7102,0.6421,0.3933,19156,10678,12372,19086
ya_warmup5000000_sim20000000-429.mcf-192B,0.0917,0.1065,1.1607,0.0787,0.1857,0.0120,0.0789,49,4018,103812,1212378
ya_warmup5000000_sim20000000-453.povray-252B,2.3813,2.3737,0.9968,0.2835,0.5223,0.2812,0.7767,18510,47310,233,67
ya_warmup5000000_sim20000000-444.namd-23B,3.5470,3.6433,1.0272,0.4860,0.8788,0.4714,0.7863,13972,15668,1137,309
ya_warmup5000000_sim20000000-458.sjeng-1088B,1.3554,1.3509,0.9967,0.0377,0.0370,0.0667,0.0223,1021,14286,642,28195
ya_warmup5000000_sim20000000-434.zeusmp-10B,2.7227,3.2425,1.1909,0.1439,0.6554,0.1261,0.3521,36623,253763,8724,16050
ya_warmup5000000_sim20000000-433.milc-127B,0.4367,0.4400,1.0075,0.9421,0.1778,0.9424,0.9360,90990,5566,3453,236
ya_warmup5000000_sim20000000-447.dealII-3B,2.8293,2.8309,1.0005,0.7387,0.8698,0.7386,0.8140,21361,7561,35,8
ya_warmup5000000_sim20000000-450.soplex-247B,0.3247,0.4053,1.2485,0.5700,0.4718,0.7514,0.4151,209630,69364,135526,190998
ya_warmup5000000_sim20000000-401.bzip2-7B,1.9872,2.0736,1.0435,0.7431,0.6209,0.8363,0.4365,88232,17271,14008,18082
ya_warmup5000000_sim20000000-416.gamess-875B,2.8097,2.8165,1.0024,0.2330,0.6572,0.2037,0.9519,1452,5677,277,14
ya_warmup5000000_sim20000000-401.bzip2-277B,2.0005,1.8367,0.9181,0.1703,0.1499,0.1347,0.1703,73,469,39625,193007
ya_warmup5000000_sim20000000-482.sphinx3-1100B,1.1681,1.8644,1.5961,0.6762,0.7829,0.8609,0.4611,127448,20584,58617,68500
ya_warmup5000000_sim20000000-454.calculix-104B,1.9375,1.9376,1.0000,1.0000,0.4545,1.0000,1.0000,17,0,3,0
ya_warmup5000000_sim20000000-481.wrf-455B,1.8233,2.9958,1.6430,0.9355,0.9177,0.9392,0.5607,122774,7951,711,557
