workload,ipc_no,ipc_adaptive,speedup_adaptive,accuracy_overall_adaptive,coverage_llc_adaptive,accuracy_l1d_adaptive,accuracy_l2c_adaptive,pmp_L1D_Useful,pmp_L1D_Useless,pmp_L2C_Useful,pmp_L2C_Useless,ipc_default,speedup_default,accuracy_overall_default,coverage_llc_default,accuracy_l1d_default,accuracy_l2c_default
ya_warmup5000000_sim20000000-482.sphinx3-417B,1.1043,1.3979,1.2659,0.4752,0.7291,0.9817,0.3430,75592,1406,101185,193797,1.4262,1.2915,0.6008,0.6615,0.9061,0.3096
ya_warmup5000000_sim20000000-456.hmmer-191B,3.4598,3.5102,1.0146,0.9746,0.8444,0.9052,0.9854,1652,173,11489,170,3.5101,1.0145,0.8092,0.8152,0.8094,0.7970
ya_warmup5000000_sim20000000-458.sjeng-283B,1.4932,1.4901,0.9980,0.0394,0.0590,0.0522,0.0393,21,381,1364,33356,1.4909,0.9985,0.0480,0.0521,0.0860,0.0321
ya_warmup5000000_sim20000000-444.namd-33B,3.5282,3.6172,1.0252,0.8528,0.9150,0.7019,0.9493,1135,482,2398,128,3.6200,1.0260,0.5093,0.9068,0.4961,0.9148
ya_warmup5000000_sim20000000-444.namd-426B,3.4946,3.6158,1.0347,0.6760,0.8839,0.6775,0.6755,1105,526,3610,1734,3.6168,1.0350,0.5463,0.8648,0.5424,0.6200
ya_warmup5000000_sim20000000-462.libquantum-1343B,1.2723,2.2257,1.7493,1.0000,0.9030,1.0000,1.0000,408692,8,691,0,2.2250,1.7488,0.9985,0.9031,0.9985,0.0000
ya_warmup5000000_sim20000000-464.h264ref-97B,2.5681,2.7528,1.0719,0.4073,0.7997,0.8369,0.3847,3546,691,31070,49686,2.7453,1.0690,0.5316,0.7341,0.6532,0.3742
ya_warmup5000000_sim20000000-602.gcc_s-1850B,0.6124,1.4416,2.3538,0.9490,0.9132,0.9594,0.9367,188531,7973,156076,10553,1.4941,2.4397,0.8478,0.9050,0.8519,0.4228
ya_warmup5000000_sim20000000-403.gcc-17B,0.7583,0.9874,1.3021,0.2703,0.7480,0.5714,0.2701,160,120,158698,428753,0.9590,1.2646,0.3170,0.6382,0.3230,0.3165
ya_warmup5000000_sim20000000-410.bwaves-945B,3.0906,3.0906,1.0000,0.0000,0.0000,0.0000,0.0000,0,0,0,0,3.0906,1.0000,0.0000,0.0000,0.0000,0.0000
ya_warmup5000000_sim20000000-459.GemsFDTD-1491B,0.4059,0.8308,2.0467,0.9071,0.8530,0.8892,0.9237,197959,24676,220755,18226,0.7228,1.7807,0.9089,0.7697,0.9102,0.1023
ya_warmup5000000_sim20000000-433.milc-337B,0.7744,0.8674,1.1201,0.7605,0.5992,0.9960,0.5768,82344,332,61113,44836,0.8681,1.1210,0.9741,0.5892,0.9780,0.4617
ya_warmup5000000_sim20000000-482.sphinx3-1297B,1.3001,1.7960,1.3815,0.6423,0.8081,0.9824,0.4285,110478,1979,76655,102248,1.8308,1.4082,0.7448,0.7721,0.9301,0.3136
ya_warmup5000000_sim20000000-456.hmmer-327B,3.3635,3.3952,1.0094,0.8041,0.5466,0.8533,0.7996,1280,220,13052,3272,3.3982,1.0103,0.7199,0.5281,0.7651,0.3622
ya_warmup5000000_sim20000000-473.astar-153B,1.9385,1.7760,0.9161,0.1767,0.0000,0.6512,0.1707,1191,638,24970,121289,1.7042,0.8791,0.1631,0.0000,0.2262,0.1387
ya_warmup5000000_sim20000000-450.soplex-92B,0.3745,0.5002,1.3357,0.4471,0.5856,0.9764,0.3911,60693,1464,229534,357396,0.4933,1.3172,0.4939,0.5347,0.7235,0.3622
ya_warmup5000000_sim20000000-458.sjeng-767B,1.3730,1.3649,0.9941,0.0320,0.0423,0.1338,0.0310,59,382,1490,46514,1.3663,0.9951,0.0389,0.0297,0.0634,0.0257
ya_warmup5000000_sim20000000-400.perlbench-50B,2.5810,2.5789,0.9992,0.8252,0.6434,0.4235,0.9978,83,113,455,1,2.5786,0.9991,0.3937,0.4277,0.3224,1.0000
ya_warmup5000000_sim20000000-459.GemsFDTD-1169B,0.9501,0.8068,0.8491,0.1287,0.2904,0.7727,0.0868,26610,7826,45929,483047,0.8374,0.8813,0.1791,0.2806,0.3008,0.0921
ya_warmup5000000_sim20000000-410.bwaves-1963B,0.6959,1.5621,2.2447,0.9999,0.7506,0.9998,1.0000,138557,21,131097,0,1.4387,2.0675,0.9797,0.7285,0.9797,1.0000
ya_warmup5000000_sim20000000-403.gcc-16B,2.3329,2.3495,1.0071,0.1346,0.5938,0.4217,0.1293,296,406,4859,32731,2.3455,1.0054,0.1765,0.4245,0.3036,0.1409
ya_warmup5000000_sim20000000-437.leslie3d-134B,2.2468,3.4446,1.5331,0.5870,0.8353,0.8652,0.5476,15833,2466,70653,58376,3.4176,1.5211,0.6239,0.8172,0.7533,0.4325
ya_warmup5000000_sim20000000-453.povray-576B,2.5961,2.6213,1.0097,0.4121,0.5714,0.2852,0.4542,466,1168,2233,2683,2.6119,1.0061,0.3054,0.5926,0.2926,0.5266
ya_warmup5000000_sim20000000-445.gobmk-30B,1.4371,1.4399,1.0019,0.1493,0.1786,0.1390,0.1493,31,192,9077,51714,1.4357,0.9991,0.1432,0.1556,0.2147,0.1136
ya_warmup5000000_sim20000000-482.sphinx3-1522B,1.2786,1.9427,1.5194,0.6264,0.8441,0.9814,0.4744,87774,1664,99069,109774,1.9412,1.5182,0.6840,0.8027,0.8979,0.3998
ya_warmup5000000_sim20000000-483.xalancbmk-736B,2.5667,2.5722,1.0022,0.3392,0.0000,0.5082,0.2326,23250,22499,16866,55646,2.5846,1.0070,0.6751,0.0000,0.6926,0.3381
ya_warmup5000000_sim20000000-437.leslie3d-265B,2.0989,3.0252,1.4413,0.9794,0.8478,0.9376,0.9861,10931,728,71093,999,2.9132,1.3879,0.8995,0.7950,0.8750,0.9711
ya_warmup5000000_sim20000000-481.wrf-1254B,1.5563,2.5721,1.6527,0.9399,0.9315,0.9350,0.9512,82267,5716,36319,1865,2.4906,1.6003,0.9382,0.9270,0.9390,0.8526
ya_warmup5000000_sim20000000-481.wrf-816B,1.4544,3.3475,2.3017,0.9720,0.9643,0.9743,0.9253,242210,6379,11471,926,3.3471,2.3014,0.9727,0.9640,0.9750,0.2248
ya_warmup5000000_sim20000000-445.gobmk-36B,1.4600,1.4579,0.9986,0.1778,0.3609,0.2678,0.1776,64,175,17333,80280,1.4561,0.9973,0.1644,0.3034,0.2210,0.1515
ya_warmup5000000_sim20000000-600.perlbench_s-1273B,3.2901,3.2924,1.0007,0.7042,0.5009,0.2000,0.9619,51,204,480,19,3.2898,0.9999,0.3510,0.3658,0.2264,0.9860
ya_warmup5000000_sim20000000-462.libquantum-714B,0.6098,0.5579,0.9148,0.9998,0.7212,0.9998,0.9982,464708,74,556,1,0.5507,0.9030,0.9975,0.7200,0.9975,0.0000
ya_warmup5000000_sim20000000-445.gobmk-2B,1.6305,1.6254,0.9969,0.2051,0.3874,0.1356,0.2051,8,51,22775,88274,1.6277,0.9983,0.1869,0.3035,0.1935,0.1852
ya_warmup5000000_sim20000000-602.gcc_s-2226B,0.7559,0.8155,1.0790,0.7830,0.2600,0.9161,0.5798,256755,23502,106435,77141,0.8260,1.0927,0.8023,0.2456,0.8371,0.5004
ya_warmup5000000_sim20000000-481.wrf-196B,2.3471,3.6360,1.5492,0.9459,0.9199,0.9466,0.9440,51504,2906,20151,1195,3.6292,1.5463,0.9240,0.9208,0.9259,0.7949
ya_warmup5000000_sim20000000-481.wrf-1281B,1.0773,1.3914,1.2915,0.9599,0.9160,0.9670,0.9367,138331,4726,41006,2771,1.3449,1.2484,0.9428,0.9016,0.9444,0.7380
ya_warmup5000000_sim20000000-429.mcf-51B,0.1183,0.1217,1.0290,0.1577,0.3147,0.2026,0.1577,301,1185,353844,1890309,0.1248,1.0549,0.1698,0.1804,0.1194,0.2459
ya_warmup5000000_sim20000000-437.leslie3d-232B,1.6695,2.8081,1.6821,0.9840,0.8455,0.9775,0.9875,41546,957,77005,971,2.6665,1.5972,0.9337,0.8031,0.9263,0.9685
ya_warmup5000000_sim20000000-482.sphinx3-1395B,1.3727,1.8865,1.3742,0.6850,0.8157,0.9804,0.4569,117011,2342,70621,83932,1.9363,1.4105,0.7777,0.7899,0.9341,0.3401
ya_warmup5000000_sim20000000-444.namd-120B,3.4257,3.5576,1.0385,0.8043,0.9053,0.7517,0.8316,2001,661,4271,865,3.5609,1.0395,0.5173,0.8869,0.4986,0.7916
ya_warmup5000000_sim20000000-435.gromacs-134B,2.3873,2.4064,1.0080,0.7296,0.7600,0.3960,0.7333,40,61,6734,2449,2.4043,1.0071,0.4324,0.7036,0.2680,0.6340
ya_warmup5000000_sim20000000-473.astar-42B,0.5324,0.3894,0.7313,0.0325,0.0000,0.1247,0.0210,24765,173825,33229,1551215,0.4514,0.8479,0.0634,0.0000,0.0822,0.0354
ya_warmup5000000_sim20000000-410.bwaves-2097B,0.6988,1.5512,2.2197,0.9999,0.7424,0.9997,1.0000,140403,38,126196,0,1.4220,2.0349,0.9830,0.7157,0.9830,1.0000
ya_warmup5000000_sim20000000-459.GemsFDTD-1320B,2.1121,2.7923,1.3220,0.3109,0.8132,0.2335,0.3124,583,1914,40447,89019,2.2004,1.0418,0.0983,0.3023,0.1406,0.0406
ya_warmup5000000_sim20000000-471.omnetpp-188B,0.4939,0.4185,0.8473,0.2636,0.4045,0.3492,0.2636,220,410,209436,585186,0.4266,0.8636,0.2132,0.1648,0.2427,0.2076
ya_warmup5000000_sim20000000-444.namd-321B,3.5020,3.5956,1.0267,0.7325,0.9252,0.6154,0.8235,1496,935,2576,552,3.5947,1.0265,0.4769,0.9002,0.4549,0.8290
ya_warmup5000000_sim20000000-459.GemsFDTD-765B,0.9227,1.2541,1.3592,0.4669,0.5765,0.9931,0.3200,49512,346,57138,121445,1.1810,1.2799,0.4678,0.5144,0.9045,0.2308
ya_warmup5000000_sim20000000-437.leslie3d-149B,2.2452,3.4554,1.5390,0.5950,0.8373,0.8826,0.5645,12010,1598,72560,55974,3.3769,1.5041,0.6581,0.8054,0.7875,0.4597
ya_warmup5000000_sim20000000-435.gromacs-228B,3.8884,3.9372,1.0125,0.8371,0.7477,0.2342,0.9814,181,592,3169,60,3.9290,1.0104,0.2689,0.4570,0.2399,0.9438
ya_warmup5000000_sim20000000-459.GemsFDTD-1211B,1.0242,1.5142,1.4784,0.5350,0.6405,0.9906,0.4066,45348,432,66027,96374,1.3321,1.3006,0.5130,0.5639,0.8904,0.3000
ya_warmup5000000_sim20000000-429.mcf-184B,0.0946,0.1244,1.3148,0.3213,0.5320,0.0000,0.3213,0,0,885769,1871376,0.1110,1.1731,0.1590,0.2228,0.0508,0.1730
ya_warmup5000000_sim20000000-436.cactusADM-1804B,1.4105,1.6970,1.2031,0.9858,0.6387,0.9815,0.9864,5506,104,43287,599,1.6893,1.1977,0.7933,0.6481,0.7506,0.9727
ya_warmup5000000_sim20000000-444.namd-166B,3.5396,3.6282,1.0250,0.8157,0.8807,0.6417,0.9977,1721,961,2559,6,3.6331,1.0264,0.5122,0.8932,0.4970,0.9956
ya_warmup5000000_sim20000000-482.sphinx3-234B,1.1011,1.8342,1.6658,0.6059,0.8493,0.9785,0.5653,31093,684,165083,126930,1.7693,1.6067,0.6559,0.7543,0.7661,0.5700
ya_warmup5000000_sim20000000-600.perlbench_s-210B,3.2469,3.2476,1.0002,0.4988,0.5423,0.2935,0.6142,86,207,320,201,3.2482,1.0004,0.3465,0.4420,0.2660,0.8009
ya_warmup5000000_sim20000000-465.tonto-44B,2.5674,2.5713,1.0015,0.7601,0.5297,0.9499,0.2329,9457,499,835,2750,2.5702,1.0011,0.8088,0.5087,0.8551,0.1895
ya_warmup5000000_sim20000000-473.astar-359B,0.1529,0.1618,1.0579,0.1193,0.3528,0.3211,0.1156,5766,12190,111977,856993,0.1648,1.0773,0.1078,0.3367,0.1291,0.0633
ya_warmup5000000_sim20000000-483.xalancbmk-716B,2.4246,2.5848,1.0661,0.2177,0.5441,0.1971,0.2583,8364,34073,5569,15991,2.5384,1.0469,0.5373,0.4104,0.5422,0.1505
ya_warmup5000000_sim20000000-401.bzip2-226B,3.2670,3.4749,1.0636,0.9796,0.8629,0.9905,0.9737,4566,44,8142,220,3.4029,1.0416,0.6183,0.6883,0.5439,0.9416
ya_warmup5000000_sim20000000-470.lbm-1274B,0.3658,0.3319,0.9073,0.8836,0.7745,0.8836,1.0000,110121,14511,83,0,0.3324,0.9087,0.8850,0.7765,0.8850,0.0000
ya_warmup5000000_sim20000000-454.calculix-460B,3.4870,3.7129,1.0648,0.9338,0.9078,0.9698,0.7762,119928,3730,21990,6339,3.7182,1.0663,0.8975,0.9046,0.9005,0.6723
ya_warmup5000000_sim20000000-437.leslie3d-271B,1.6852,3.6872,2.1880,0.9895,0.9629,0.9942,0.3314,47134,276,112,226,3.6843,2.1863,0.9940,0.9630,0.9940,0.0000
ya_warmup5000000_sim20000000-435.gromacs-111B,2.6998,2.7149,1.0056,0.7156,0.8684,0.1838,0.7589,86,382,4357,1384,2.7134,1.0051,0.3223,0.7895,0.2021,0.6183
ya_warmup5000000_sim20000000-429.mcf-217B,0.5344,0.6388,1.1955,0.6693,0.1360,0.9236,0.6120,43436,3593,127560,80882,0.6345,1.1875,0.6787,0.1312,0.7791,0.4891
ya_warmup5000000_sim20000000-429.mcf-22B,0.5081,0.5434,1.0695,0.4643,0.2892,0.9336,0.4389,16215,1153,140945,180169,0.5407,1.0643,0.5160,0.2530,0.6949,0.4161
ya_warmup5000000_sim20000000-453.povray-800B,2.4410,2.4472,1.0026,0.4121,0.5628,0.3769,0.6564,1363,2253,342,179,2.4328,0.9966,0.3021,0.5023,0.3010,0.7621
ya_warmup5000000_sim20000000-465.tonto-1914B,2.5936,2.6158,1.0086,0.4198,0.6313,0.8702,0.2406,4325,645,3005,9485,2.6101,1.0064,0.7018,0.5858,0.7646,0.1770
ya_warmup5000000_sim20000000-453.povray-887B,2.4954,2.4976,1.0009,0.4423,0.7643,0.4316,0.9733,1612,2123,73,2,2.4849,0.9958,0.3289,0.7929,0.3286,0.8974
ya_warmup5000000_sim20000000-401.bzip2-38B,2.0196,2.3492,1.1632,0.8702,0.9517,0.9946,0.8430,10883,59,42279,7873,2.3446,1.1609,0.8832,0.9450,0.9285,0.8648
ya_warmup5000000_sim20000000-459.GemsFDTD-1418B,1.2554,2.2026,1.7544,0.8787,0.7847,0.8629,0.8817,14295,2271,78127,10483,2.1530,1.7150,0.8605,0.7847,0.8517,0.8980
ya_warmup5000000_sim20000000-483.xalancbmk-127B,0.5421,0.5348,0.9866,0.2010,0.4067,0.3234,0.2009,283,592,228923,910298,0.5788,1.0677,0.2510,0.3941,0.3265,0.2361
ya_warmup5000000_sim20000000-481.wrf-1170B,2.9939,3.0375,1.0145,0.9487,0.5191,0.4315,0.9644,63,83,4656,172,3.0358,1.0140,0.3696,0.4668,0.2385,0.9506
ya_warmup5000000_sim20000000-464.h264ref-64B,2.4141,2.5624,1.0614,0.4341,0.8326,0.7842,0.4174,1871,515,20862,29124,2.5508,1.0566,0.5498,0.7686,0.6516,0.4187
ya_warmup5000000_sim20000000-445.gobmk-17B,1.4961,1.5165,1.0137,0.2122,0.5145,0.1594,0.2125,33,174,8407,31159,1.5134,1.0116,0.2241,0.4618,0.2917,0.1879
ya_warmup5000000_sim20000000-464.h264ref-30B,2.8990,2.8836,0.9947,0.4170,0.3836,0.8507,0.2713,5315,933,5048,13557,2.8879,0.9961,0.5405,0.2969,0.7220,0.2635
ya_warmup5000000_sim20000000-433.milc-274B,1.0428,1.1455,1.0985,0.5324,0.5595,0.9993,0.3526,68158,46,62417,114616,1.1375,1.0909,0.9388,0.4711,0.9547,0.2733
ya_warmup5000000_sim20000000-403.gcc-48B,3.3903,3.5255,1.0399,0.3225,0.7052,0.3368,0.3219,130,256,2926,6164,3.5025,1.0331,0.4118,0.6478,0.4292,0.2881
ya_warmup5000000_sim20000000-444.namd-44B,3.6320,3.6524,1.0056,0.8477,0.7047,0.8072,1.0000,2579,616,850,0,3.6519,1.0055,0.6337,0.6518,0.6322,1.0000
ya_warmup5000000_sim20000000-600.perlbench_s-570B,3.2924,3.2992,1.0021,0.6035,0.5426,0.2585,0.6978,106,304,1046,453,3.2949,1.0008,0.3602,0.3597,0.2088,0.8283
ya_warmup5000000_sim20000000-456.hmmer-88B,3.3776,3.4175,1.0118,0.8808,0.5269,0.7410,0.8952,1076,376,12568,1471,3.4140,1.0108,0.7473,0.3627,0.7674,0.5487
ya_warmup5000000_sim20000000-435.gromacs-226B,3.8865,3.9409,1.0140,0.8450,0.7371,0.2356,0.9852,172,558,3126,47,3.9334,1.0121,0.2570,0.4535,0.2266,0.9553
ya_warmup5000000_sim20000000-458.sjeng-31B,1.3695,1.3641,0.9961,0.0353,0.0519,0.0872,0.0349,30,314,1640,45353,1.3653,0.9969,0.0509,0.0485,0.1014,0.0283
ya_warmup5000000_sim20000000-437.leslie3d-273B,1.9700,2.9810,1.5132,0.9738,0.8613,0.9649,0.9776,21654,787,50519,1156,2.9285,1.4866,0.9105,0.8229,0.8931,0.9658
ya_warmup5000000_sim20000000-400.perlbench-41B,1.4940,1.4770,0.9886,0.1708,0.4893,0.1932,0.1708,102,426,39053,189614,1.4535,0.9729,0.1685,0.3479,0.2032,0.1596
ya_warmup5000000_sim20000000-464.h264ref-57B,2.4622,2.6818,1.0892,0.4365,0.7868,0.8000,0.4210,2528,632,31109,42783,2.6552,1.0784,0.5144,0.7102,0.6421,0.3933
ya_warmup5000000_sim20000000-429.mcf-192B,0.0917,0.1246,1.3583,0.3635,0.5938,0.0000,0.3635,0,0,983264,1721400,0.1065,1.1607,0.0787,0.1857,0.0120,0.0789
ya_warmup5000000_sim20000000-453.povray-252B,2.3813,2.3882,1.0029,0.4014,0.5773,0.2647,0.6644,370,1028,483,244,2.3737,0.9968,0.2835,0.5223,0.2812,0.7767
ya_warmup5000000_sim20000000-444.namd-23B,3.5470,3.6413,1.0266,0.7503,0.8992,0.5903,0.8117,719,499,2578,598,3.6433,1.0272,0.4860,0.8788,0.4714,0.7863
ya_warmup5000000_sim20000000-458.sjeng-1088B,1.3554,1.3503,0.9963,0.0267,0.0463,0.0771,0.0264,27,323,1227,45331,1.3509,0.9967,0.0377,0.0370,0.0667,0.0223
ya_warmup5000000_sim20000000-434.zeusmp-10B,2.7227,3.2322,1.1871,0.2281,0.7017,0.0879,0.4642,7665,79575,24052,27761,3.2425,1.1909,0.1439,0.6554,0.1261,0.3521
ya_warmup5000000_sim20000000-433.milc-127B,0.4367,0.4518,1.0344,0.5105,0.1994,0.9975,0.1447,88938,224,17171,101520,0.4400,1.0075,0.9421,0.1778,0.9424,0.9360
ya_warmup5000000_sim20000000-447.dealII-3B,2.8293,2.8335,1.0015,0.9021,0.9143,0.9033,0.8592,9073,971,244,40,2.8309,1.0005,0.7387,0.8698,0.7386,0.8140
ya_warmup5000000_sim20000000-450.soplex-247B,0.3247,0.4175,1.2859,0.5383,0.5354,0.9822,0.4850,76012,1374,312836,332146,0.4053,1.2485,0.5700,0.4718,0.7514,0.4151
ya_warmup5000000_sim20000000-401.bzip2-7B,1.9872,2.0866,1.0500,0.7189,0.7704,0.9714,0.4460,65902,1939,28004,34787,2.0736,1.0435,0.7431,0.6209,0.8363,0.4365
ya_warmup5000000_sim20000000-416.gamess-875B,2.8097,2.8176,1.0028,0.8471,0.7335,0.2105,0.9403,16,60,488,31,2.8165,1.0024,0.2330,0.6572,0.2037,0.9519
ya_warmup5000000_sim20000000-401.bzip2-277B,2.0005,1.5303,0.7650,0.1113,0.2484,0.1364,0.1112,9,57,72141,576332,1.8367,0.9181,0.1703,0.1499,0.1347,0.1703
ya_warmup5000000_sim20000000-482.sphinx3-1100B,1.1681,1.9154,1.6398,0.6216,0.8461,0.9812,0.5068,75352,1445,121954,118678,1.8644,1.5961,0.6762,0.7829,0.8609,0.4611
ya_warmup5000000_sim20000000-454.calculix-104B,1.9375,1.9376,1.0000,1.0000,0.4545,1.0000,1.0000,4,0,16,0,1.9376,1.0000,1.0000,0.4545,1.0000,1.0000
ya_warmup5000000_sim20000000-481.wrf-455B,1.8233,2.9564,1.6214,0.9508,0.8942,0.9212,0.9797,51170,4380,55926,1159,2.9958,1.6430,0.9355,0.9177,0.9392,0.5607
